response_number,quote
1,Something that acknowledges what might have happened in the night and then sets me up for the day step by step in a gentle warm and encouraging tone.
2,A clear guidance of what I need to do in the day and the right mindset for it
3,A good script with some encouragement and brief steps on what to do for the day. Nothing too hectic and overwhelming
4,My ideal mental rehearsal guidance to start the day would be a gentle voice telling me that everything will go well today
5,I start by just showering and eating breakfast then taking the day one step at a time.
6,"A clear step by step guide that can help me envision the day and plan and organise myself to make me feel productive from the beginning. Once that has been complete, emotional guidance and support would be perfect."
7,Ideally it would be one that has a balance of guiding myself through my breath and mental energy throughout the day with timestamps as to what my overall day looks like as well as visualising success and how I would overcome obstacles if faced with them.
8,Something short and punchy. You don't need to fill up a whole page with complicated phrasing. Just give me a sentence or two instead of a long paragraph.
9,A visualisation of what I want to achieve. A run down of my energy and how I might feel. A structured step by step guide of how I can achieve what I want.
10,"Begin by grounding in current energy, attention, and environment rather than an ideal state. Briefly connect the day's work to important values or goals. Rehearse the specific tasks that matter most, including key steps and likely obstacles. Visualize responding effectively to setbacks, uncertainty, or low energy. End with a realistic sense of readiness focused on the next actionable step rather than perfect performance."
11,"Myself standing in front of the mirror, looking myself deep into my eyes and rehearsing all the tasks I have for the day."
12,"A short, calm rehearsal that connects to my actual tasks for the day. I want it to acknowledge my energy level, help me focus on the most important task ahead, and briefly visualize completing it successfully. I prefer realistic preparation over generic motivation, including likely obstacles and how to handle them. The guidance should be supportive, practical, and specific to my schedule so that I feel prepared rather than pressured."
13,"Start by noticing my body, senses, surroundings, and breathing.  Then move generally in to the tasks for the day.  Finally, returning to the body and breathing."
14,validation and reassurance
15,Warm up exercise
16,an ideal rehearsal would be an ambient  background noise while  reading through some guidance .
17,"I do not have any practical experience with this, so I can't share an opinion on this."
18,"I don't have any, I usually start of my day with a morning prayer and move on with the rest of my day. I would say I would equate this to when I meditate that when I will go on to my soft playing music and meditate"
19,taking a moment to reflect on what the day has for me
20,In an open space.
21,"Meditation, followed by exercise, then showering, then doing my normal duties for the day"
22,Doing exercises before the guidance
23,"Set the tone before touching anything else, run a 60.second reel and end with a body cue"
24,Step by step guidance
25,My mental rehasals guide is not working on my side and everything is
26,"A sound of calm music or rain sound to start my day would be perfect, with a little sunshine shining through the window with a view of the garden with beautiful flowers with different colours"
27,Having a good script that motivates and uplifts
28,Breathing in and out
29,I prefer clear prioritises and clear ideas of tasks to have a clear picture of the day. Some calm and quiet me time to think about my plan of action
30,"Take few seconds to check in with your body and be honest about the energy you’ve got today. Then picture one task getting done well enough to move on, and leave yourself with a simple line to come back to when you start."
31,If it will be an encouraging voice with soft sounds
32,Because the mind controls your body so if the mind is relaxing your body will relax too.
33,Audio guided
34,"CALM,AND START WITH BREATHING"
35,I talk about the day ahead and how it is going to go to myself. It helps me focus and understand time and how to spend it.
36,"Having to start the day with an audio message that reminds me of the activities I'm going to do, and then when I'm free being able to read that audio in writing."
37,Medidation for 30 - 40 minutes making everything clear in my mind.
38,Remember what matters
39,something that focuses on helping me to set a calm and clear intention for the day is a win for me
40,"A calm moment, whether it is music or a sermon."
41,"Before i start my day, i want a short rehearsal that helps me focus on the most important work ahead."
42,"You will have a good day , if it gets to hard for you , get a time out , when you come back again the situation might not seem as hard as before . Just remember you are bigger than whatever you will face."
43,Reading a book
44,"I think prayer, and a cup of coffee to mentally prepare myself for the day."
45,Breaking down the day into steps that are easy to follow to prevent feeling overwhelmed.
46,"You are enough,  focused and very hard working. You make decisions that produces positive outcomes and that is enough for all the days."
47,"An overview of what is coming my way, how I'm going to tackle it and how I've already tackled days like today successfully."
48,Encouragement or a question on how I would like my day to go
49,"My ideal mental rehearsal guidance would help me feel calm, focused, and prepared before the day starts. It would begin with a short grounding moment, then guide me to picture my main priorities, the challenges I may face, and how I want to handle them."
50,Laying out my tasks for the day. Ordering them in terms of priority. Allowing for disruptions and giving myself enough options.
51,"Reflect on accomplishments, reflect on capabilities, review the day ahead, review the tasks, anticipate obstacles, relax the mind"
52,I would prefer meditating to gain calmness and increase my mental focus and application.
53,An audio speech with ambient music
54,Just something that tells me what to do regarding my schedule as well as a motivative sentence or phrase to get me through the day.
55,"Relaxing my self and  Identify what I need to do in this day, start with difficult tasks when I get tired I do easy tasks for the day."
56,Listening to someone speaking aloud so I can do it while I complete tasks and visualise myself following it
57,I think a short and a steady script that can begin with a breath and body grounding
58,"I often say that everything happens for the sake of good, so even if you think you made a bad decision, one good thing would probably come from it, and you'd be thankful that you chose this decision for that one thing."
59,"My ideal mental rehearsal would help me start the day with clarity, purpose, and confidence. 

It includes a brief review of my priorities, encouragement to stay focused on what I can control, reminders of my strengths, and motivation to approach challenges with a positive mindset."
60,"Adaptive in the level of support, background noise and length - long guides on low energy days might be hard to sit through; clear and encouraging, focusing more on being inspiring than overly detailed."
61,"A calm place and I would let my body just get used to the routine, I think it would make everything ok"
62,Reading and writing about my day and schedule
63,"Something that starts with body/mind presence meditation and then works into specific tasks for the day, ending with overarching goal/mantra reminder."
64,"Everything is planned out entirely, step- by step to keep me on track. I feel encouraged and motivated to start the day that I have outlined ahead. Mentally and physically I am in a good position to move forward with my day."
